{
   "contacts":[
      {
         "name":"Stefano Tognon",
         "properties":"NewStatPress developer"
      },
      {
         "name":"cHab",
         "properties":"NewStatPress collaborator"
      },
      {
         "name":"Sisko",
         "properties":"Open link in new tab/window<br>New displays of data for spy function<br>"
      },
      {
         "name":"from wp_slimstat",
         "properties":"Add option for not track given IPs<br /> Add option for not track given permalinks"
      },
      {
         "name":"Ladislav",
         "properties":"Let Search function to works again"
      },
      {
         "name":"from statpress-visitors",
         "properties":"Add new OS (+44), browsers (+52) and spiders (+71)<br /> Add in the option the ability to update in a range of date<br /> New spy and bot"
      },
      {
         "name":"Maurice Cramer",
         "properties":"Add dashboard widget<br /> Fix total since in overwiew<br /> Fix missing browser image and IE aligment failure in spy section<br /> Fix nation image display in spy"
      },
      {
         "name":"Ruud van der Veen",
         "properties":"Add tab delimiter for exporting data"
      },
      {
         "name":"kjmtsh",
         "properties":"Many fixes about empty query result and obsolete functions"
      },
      {
         "name":"Adrián M. F.",
         "properties":"Reveal a XSS and a SQL injection"
      },
      {
         "name":"White Fir Design",
         "properties":"Reveal a SQL injection"
      },
      {
         "name":"Gwss",
         "properties":"Fix domain.dat manages inside nsp_visits.php"
      },
      {
         "name":"Greg Sydney",
         "properties":"Fix overwiew bug in total"
      },
      {
         "name":"Han Sahin",
         "properties":"Reveal a Stored cross-site scripting vulnerabilities"
      }
   ]
}
