{
  "translation":[
    {
      "domain":"es",
      "lang":"Spanish",
      "properties":"cHab",
      "status":"partially (85%)"
    },
    {
      "domain":"it",
      "lang":"Italian",
      "properties": [ "Stefano Tognon",
                      "<br />Daniele Lippi"
                    ],
      "status":"up to date"
    },
    {
      "domain":"fr",
      "lang":"French",
      "properties": [ "cHab",
                      "<br />shilom",
                      "<br />Alphonse PHILIPPE"
                    ],
      "status":"up to date"
    },
    {
      "domain":"cz",
      "lang":"Czech",
      "properties":[ "Jiri Borovy",
        "<br />Petr Janda"
      ],
      "status":"up to date"
    },
    {
      "domain":"pl",
      "lang":"polish",
      "properties": [ "Pawel Dworniak",
        "<br />Damian Dąbrowski"
      ],
      "status":"partially (90%)"
    },
    {
      "domain":"lt",
      "lang":"Lithuanian",
      "properties":"Vincent G.",
      "status":"partially"
    },
    {
      "domain":"cn",
      "lang":"Chineese (Simplified)",
      "properties":"Christopher Meng",
      "status":"partially"
    },
    {
      "domain":"ru",
      "lang":"Russian",
      "properties":"godOFslaves",
      "status":"partially"
    },
    {
      "domain":"sk",
      "lang":"Slovak",
      "properties":"Branco",
      "status":"partially"
    },
    {
      "domain":"hu",
      "lang":"Hungarian",
      "properties":"Peter Bago, Pille",
      "status":"up to date"
    },
    {
      "domain":"gr",
      "lang":"Greek",
      "properties":"Boulis Antoniou",
      "status":"partially"
    },
    {
      "domain":"ua",
      "lang":"Ukranian",
      "properties":"Michael Yunat",
      "status":"partially"
    }
  ]
}
