{
   "ressources":[
      {
        "ref": "idTabs",
        "description": "Simple implimentation of tabs in jQuery",
        "website": "http://www.sunsean.com/idTabs/"
      },
      {
        "ref": "Pikaday",
        "description": "JavaScript Datepicker",
        "website": "https://github.com/dbushell/Pikaday"
      },
      {
        "ref": "Moment.js",
        "description": "Parse, validate, manipulate, and display dates in JavaScript.",
        "website": "http://momentjs.com/"
      }
   ]
}
