{
   "translation":[
      {
        "domain":"it",
        "lang":"Italian",
        "properties": [ "Stefano Tognon",
                        "<br />Daniele Lippi"
        ],
        "status":"up to date"
      },
      {
        "domain":"fr",
        "lang":"French",
        "properties": [ "cHab",
                        "<br />shilom",
                        "<br />Alphonse PHILIPPE"
        ],
        "status":"up to date"
      },
      {
        "domain":"lt",
        "lang":"Lithuanian",
        "properties":"Vincent G.",
        "status":"partially"
      },
      {
        "domain":"cn",
        "lang":"Chineese (Simplified)",
        "properties":"Christopher Meng",
        "status":"partially"
      },
      {
        "domain":"ru",
        "lang":"Russian",
        "properties":"godOFslaves",
        "status":"partially"
      },
      {
        "domain":"cz",
        "lang":"Czech",
        "properties":"Jiri Borovy",
        "status":"partially (75%)"
      },
      {
        "domain":"pl",
        "lang":"polish",
        "properties": [ "Pawel Dworniak",
                        "<br />Damian Dąbrowski"
        ],
        "status":"partially (90%)"
      },
      {
        "domain":"sk",
        "lang":"Slovak",
        "properties":"Branco",
        "status":"partially"
      },
      {
        "domain":"hu",
        "lang":"Hungarian",
        "properties":"Peter Bago",
        "status":"partially"
      },
      {
        "domain":"gr",
        "lang":"Greek",
        "properties":"Boulis Antoniou",
        "status":"partially"
      },
      {
        "domain":"ua",
        "lang":"Ukranian",
        "properties":"Michael Yunat",
        "status":"partially"
      },
      {
        "domain":"es",
        "lang":"Spanish",
        "properties":"cHab",
        "status":"partially (50%)"
      }
   ]
}
